, Mon 25 Sep 2017 19:12:30 EDT, checkout,
, Mon 25 Sep 2017 19:12:30 EDT, add, 
, Mon 25 Sep 2017 19:12:30 EDT, cimmit, 
tristan, , google, toupin
tristan, Mon 25 Sep 2017 19:15:34 EDT, google, toupin
tristan, Mon 25 Sep 2017 19:36:49 EDT, google, toupin
tristan, Mon 25 Sep 2017 19:37:24 EDT, google, toupin
tristan, Mon 25 Sep 2017 19:37:24 EDT, google, toupin
tristan, Mon 25 Sep 2017 19:37:24 EDT, google, toupin
tristan, Mon 25 Sep 2017 19:37:39 EDT, google, toupin
tristan, Mon 25 Sep 2017 19:37:39 EDT, google, toupin
tristan, Mon 25 Sep 2017 19:37:39 EDT, google, toupin
tristan, Mon 25 Sep 2017 19:38:07 EDT, google, toupin
tristan, Mon 25 Sep 2017 19:38:07 EDT, google, toupin
tristan, Mon 25 Sep 2017 19:38:07 EDT, google, toupin
tristan, Mon 25 Sep 2017 19:38:39 EDT, google, toupin
tristan, Mon 25 Sep 2017 19:38:39 EDT, google, toupin
tristan, Mon 25 Sep 2017 19:38:39 EDT, google, toupin
tristan, Mon 25 Sep 2017 19:51:10 EDT, google, toupin
tristan, Mon 25 Sep 2017 19:51:10 EDT, google, toupin
tristan, Mon 25 Sep 2017 19:51:10 EDT, google, toupin
tristan, Mon 25 Sep 2017 19:52:20 EDT, google, toupin
tristan, Mon 25 Sep 2017 19:52:20 EDT, google, toupin
tristan, Mon 25 Sep 2017 19:52:20 EDT, google, toupin
Mon 25 Sep 2017 20:47:36 EDT, google, toupin
Mon 25 Sep 2017 20:47:36 EDT, google, toupin
Mon 25 Sep 2017 20:47:36 EDT, google, toupin
